time,e1,e2,e3,e4,e5,e6,e7,e8
0.114,42,148,93,74,280,112,51,47
0.13,39,116,68,77,264,90,52,40
0.153,41,110,65,78,241,74,43,35
0.174,35,89,57,71,249,61,38,30
0.251,36,72,58,82,259,56,43,27
0.26,36,60,67,82,258,58,41,27
0.267,37,60,78,88,250,51,37,23
0.281,33,49,77,86,241,47,42,23
0.283,37,51,88,98,229,48,43,27
0.287,39,57,85,98,247,51,47,28
0.308,39,59,79,92,250,52,50,31
0.326,36,61,73,83,249,51,51,32
0.346,42,74,84,95,207,58,50,33
0.369,39,74,72,83,206,56,47,30
0.385,40,90,79,77,173,51,38,30
0.413,42,93,84,82,222,50,35,28
0.431,46,89,81,80,233,48,41,27
0.475,41,79,73,65,242,40,37,28
0.544,40,76,79,67,242,45,37,28
0.546,39,56,69,69,304,53,39,28
0.55,43,62,92,74,272,59,42,29
0.552,39,57,100,77,263,62,36,29
0.553,40,61,105,78,252,61,38,27
0.565,44,61,104,74,248,56,39,26
0.594,42,65,104,74,194,53,38,27
0.617,39,71,81,70,217,45,33,24
0.624,42,75,73,70,223,41,36,24
0.646,43,74,73,76,226,43,33,28
0.669,38,81,81,83,215,42,32,28
0.685,40,81,88,87,185,41,35,26
0.715,37,74,86,84,160,46,37,26
0.737,34,77,85,89,158,56,33,27
0.745,38,86,79,81,168,59,35,23
0.766,41,85,75,84,186,59,35,26
0.79,44,80,78,98,226,62,37,27
0.813,46,76,80,102,210,61,44,29
0.828,46,69,76,97,203,59,49,28
0.85,45,58,78,107,215,58,50,33
0.871,45,77,94,105,206,59,53,31
0.886,41,81,88,86,156,56,52,29
0.917,41,83,98,93,148,53,46,29
0.939,43,87,109,94,231,54,42,30
0.946,41,94,114,93,230,56,41,26
0.969,40,86,116,105,227,56,38,28
0.991,46,90,115,109,235,53,38,27
1.039,45,93,106,104,237,52,39,28
1.041,43,91,99,109,178,62,49,30
1.06,41,83,90,103,174,59,49,28
1.081,42,91,86,86,174,59,51,28
1.089,44,101,103,105,173,65,56,33
1.111,43,96,102,104,171,64,56,30
1.133,41,97,103,100,183,53,51,29
1.165,40,102,108,98,169,54,51,28
1.181,42,97,108,105,172,55,52,30
1.202,36,85,95,84,173,48,42,27
1.209,38,85,94,82,193,51,43,27
1.231,43,114,121,98,162,50,40,28
1.253,45,111,117,105,166,51,42,30
1.277,42,99,102,98,157,48,41,29
1.3,40,97,105,106,145,49,47,29
1.322,42,103,104,105,149,48,45,31
1.346,39,73,66,86,151,44,44,32
1.367,44,71,68,80,141,43,41,31
1.382,42,72,66,79,149,47,39,29
1.404,44,73,55,67,171,49,34,29
1.427,49,69,73,94,153,51,40,29
1.433,50,67,73,97,137,49,38,26
1.457,47,65,79,98,139,51,36,27
1.479,49,75,87,104,132,49,37,27
1.493,50,73,83,100,221,48,44,27
1.533,40,73,71,80,227,51,42,27
1.556,48,96,97,95,244,54,44,26
1.578,49,95,96,98,243,50,43,27
1.58,49,97,100,97,257,50,46,31
1.6,46,92,101,95,211,50,41,29
1.622,48,92,108,98,251,47,41,29
1.644,44,71,106,90,243,43,38,29
1.651,40,76,110,91,274,52,40,31
1.674,40,65,110,88,268,53,44,27
1.697,40,68,110,88,245,53,45,28
1.711,38,67,103,81,234,53,44,25
1.734,36,77,93,73,229,53,43,26
1.773,38,74,91,70,193,48,43,23
1.776,36,73,81,70,189,53,42,25
1.794,41,83,85,87,180,54,43,27
1.817,41,88,86,85,147,54,40,26
1.855,41,86,85,88,173,56,42,28
1.886,40,90,83,91,179,58,40,28
1.888,42,101,88,101,180,52,38,29
1.899,40,97,88,91,184,49,32,28
1.93,41,89,86,92,159,45,33,30
1.939,38,84,77,87,175,57,35,29
1.96,41,80,70,80,171,56,40,30
1.982,39,67,65,60,174,57,39,28
2.004,38,70,57,51,197,59,41,31
2.011,43,74,56,64,199,60,43,29
2.034,40,69,54,67,164,46,47,28
2.057,38,66,53,67,182,43,47,31
2.071,39,77,59,72,171,44,46,32
2.094,40,67,58,72,153,49,45,28
2.133,34,69,71,69,180,55,42,29
2.135,35,67,77,66,189,57,37,28
2.156,32,76,79,68,182,55,36,25
2.177,33,72,70,65,185,56,30,23
2.2,31,76,83,72,186,51,31,26
2.214,33,72,69,71,167,44,31,26
2.237,34,78,62,77,146,44,37,27
2.259,36,72,60,74,141,44,36,25
2.274,30,67,62,70,144,41,36,27
2.297,32,67,46,67,140,45,41,29
2.319,29,69,46,58,159,43,47,29
2.334,29,62,47,57,166,44,42,29
2.365,27,63,47,61,156,46,42,28
2.389,29,67,45,64,154,50,42,28
2.394,29,68,54,64,153,49,36,24
2.417,28,68,61,70,160,53,34,24
2.44,30,69,59,64,161,51,32,25
2.454,33,68,65,68,179,49,32,27
2.477,36,68,66,67,176,46,31,25
2.5,36,64,63,66,173,44,35,23
2.514,39,66,57,59,144,38,35,24
2.537,36,72,61,75,156,41,35,25
2.559,33,68,53,69,132,42,36,24
2.574,30,69,66,71,132,45,36,24
2.598,30,76,70,69,140,42,34,25
2.619,26,74,69,71,139,45,30,28
2.634,30,88,78,58,133,47,34,25
2.657,32,96,85,62,133,48,33,25
2.695,33,89,73,64,134,46,36,28
2.697,34,83,68,65,138,46,36,26
2.719,37,86,71,67,140,50,38,24
2.739,34,68,64,62,133,46,31,23
2.762,33,62,62,58,152,47,36,25
2.792,31,67,64,51,162,46,34,24
2.799,31,76,71,54,148,47,33,24
2.814,30,73,80,57,148,48,32,24
2.837,33,83,96,84,155,59,41,30
2.86,32,85,98,93,153,57,37,27
2.874,36,82,102,97,152,58,37,27
2.904,36,80,99,102,163,61,45,28
2.927,39,85,97,106,160,59,46,29
2.934,37,83,79,86,155,46,39,23
2.972,38,78,74,79,137,46,38,26
2.979,36,77,66,73,136,45,37,26
2.995,36,76,61,61,132,45,29,26
3.019,32,65,50,55,133,41,30,27
3.04,30,50,48,57,134,42,32,26
3.062,34,52,39,54,135,42,33,24
3.092,39,63,42,59,123,42,34,24
3.099,60,60,47,69,123,43,31,25
3.114,63,66,55,69,140,43,36,26
3.138,68,70,75,85,139,43,40,31
3.159,67,73,80,86,136,42,39,37
3.182,71,103,114,114,137,42,47,49
3.205,55,107,115,109,133,52,50,90
3.227,56,107,111,116,152,53,52,111
3.258,59,108,101,111,150,55,51,114
3.261,57,113,108,123,172,69,56,114
3.281,50,96,82,97,186,70,50,115
3.309,50,91,84,107,204,64,48,88
3.317,45,92,90,112,187,72,43,60
3.339,37,89,89,121,221,245,68,57
3.362,37,81,79,110,213,260,70,54
3.376,38,67,69,111,214,274,130,79
3.4,37,85,65,117,272,281,139,80
3.422,38,87,65,114,280,289,140,81
3.436,40,85,69,112,265,199,132,80
3.46,38,85,67,110,313,189,130,87
3.482,34,86,68,106,314,189,72,61
3.551,35,72,72,93,249,283,102,71
3.553,32,64,67,82,262,305,105,73
3.573,31,66,66,76,285,294,108,91
3.574,34,86,72,90,256,289,107,85
3.587,37,83,71,95,260,283,117,93
3.601,34,77,61,92,310,181,87,86
3.616,36,78,60,87,367,263,117,84
3.641,35,76,56,76,372,307,146,63
3.662,32,48,49,57,366,335,154,78
3.676,31,45,50,57,375,343,149,68
3.699,31,47,51,63,373,374,148,68
3.73,37,67,52,66,297,301,124,73
3.738,38,75,54,69,298,254,95,72
3.761,39,78,51,71,331,274,92,62
3.782,43,80,48,65,341,265,93,79
3.805,47,86,48,62,328,251,94,101
3.82,46,70,46,59,341,256,90,106
3.842,45,62,43,57,332,260,77,108
3.856,48,68,49,62,347,197,67,115
3.879,47,79,60,80,329,189,61,113
3.902,49,75,62,87,468,148,55,151
3.916,53,91,66,92,490,164,58,154
3.941,55,100,67,89,498,164,55,154
3.961,55,105,67,86,492,176,53,147
3.984,59,109,63,81,517,207,62,148
3.999,61,107,63,82,402,225,75,105
4.02,54,101,63,79,375,234,94,94
4.044,54,114,63,81,356,268,100,92
4.061,53,127,69,80,346,285,102,95
4.081,48,124,72,81,363,270,97,81
4.104,41,123,69,72,372,256,87,56
4.121,41,123,66,66,387,222,62,90
4.164,41,119,83,96,412,177,56,94
4.173,45,124,103,119,434,146,58,95
4.194,47,129,104,113,395,151,63,101
4.209,55,137,109,121,375,202,84,102
4.255,66,170,115,136,387,219,94,92
4.258,66,166,109,120,360,247,101,99
4.279,63,147,87,102,342,245,99,98
4.324,61,139,81,108,336,275,98,94
4.327,59,134,84,104,338,255,82,95
4.376,50,96,81,98,375,248,73,75
4.399,51,87,78,107,390,208,60,60
4.401,53,86,83,108,368,245,58,67
4.422,60,103,93,111,370,201,56,87
4.424,56,104,92,111,380,180,53,85
4.443,59,104,106,109,310,178,51,86
4.445,59,120,129,110,303,183,50,86
4.464,62,132,139,125,284,190,47,78
4.481,68,142,143,143,278,189,42,50
4.503,73,153,147,162,335,213,46,45
4.526,71,158,154,169,337,211,43,43
4.548,74,154,158,189,318,269,48,41
4.561,71,164,161,186,370,234,51,40
4.586,62,150,154,170,369,242,54,61
4.6,59,137,147,153,336,227,52,61
4.629,55,123,126,143,349,229,53,60
4.643,55,141,93,112,399,163,51,59
4.661,52,134,71,93,362,197,49,57
4.681,53,140,74,101,375,200,47,37
4.704,51,140,73,103,366,196,43,36
4.721,53,142,74,107,426,204,43,44
4.749,49,119,84,112,404,230,53,62
4.764,53,106,81,114,425,194,52,74
4.781,48,93,70,110,457,185,53,74
4.801,47,89,74,104,453,194,56,75
4.826,44,87,84,96,421,180,54,70
4.846,45,78,76,90,413,146,46,65
4.861,39,74,77,92,412,205,51,54
4.884,40,67,77,88,467,212,53,73
4.908,42,83,82,98,522,226,59,86
4.929,42,82,68,96,511,238,60,88
4.951,42,101,64,92,547,237,58,86
5.007,48,118,70,97,532,194,58,86
5.009,51,123,72,100,484,185,55,102
5.028,50,119,62,92,415,157,50,99
5.03,51,121,61,91,386,166,48,100
5.041,48,103,58,82,324,164,53,101
5.064,41,87,45,76,361,207,45,100
5.086,39,82,38,64,371,209,44,70
5.101,39,77,34,63,448,207,41,74
5.124,42,92,49,72,454,215,46,83
5.146,44,108,68,81,448,222,58,85
5.161,44,104,69,82,455,173,72,90
5.186,43,105,75,88,409,172,76,93
5.208,42,106,75,84,325,196,93,101
5.221,45,107,84,110,370,175,94,108
5.244,43,98,72,105,397,160,87,102
5.266,47,99,72,101,360,179,79,100
5.281,49,99,79,106,456,178,78,95
5.304,51,99,83,116,464,157,71,78
5.345,47,106,75,99,422,154,81,123
5.357,56,125,96,115,393,170,81,129
5.381,58,165,114,125,428,150,83,129
5.403,59,169,110,117,353,142,83,131
5.409,105,176,120,122,356,183,76,137
5.431,109,182,122,121,388,205,70,113
5.448,111,188,115,116,406,202,67,110
5.471,110,152,96,104,360,202,62,109
5.486,110,149,106,115,328,212,60,106
5.506,68,146,97,105,299,174,56,97
5.537,62,131,100,108,305,282,53,60
5.544,51,112,101,109,298,279,50,69
5.581,49,126,110,120,319,288,54,67
5.596,44,122,99,113,331,290,60,68
5.619,48,132,111,119,379,294,62,69
5.65,47,141,119,112,345,166,56,61
5.652,49,134,119,117,328,157,55,46
5.671,54,130,128,134,406,151,58,45
5.696,58,143,132,139,390,143,55,80
5.719,56,141,120,135,338,134,50,83
5.724,58,138,123,150,352,125,55,84
5.746,68,159,159,184,400,130,60,85
5.761,74,186,189,206,319,117,57,85
5.784,77,194,201,224,329,107,53,52
5.821,74,183,199,224,435,110,52,44
5.838,71,172,186,212,430,110,50,44
5.859,75,167,170,190,393,107,52,46
5.876,68,165,149,173,425,101,49,48
5.883,62,148,128,144,432,100,44,69
5.904,62,149,129,141,346,99,45,70
5.941,65,152,139,148,443,99,44,70
5.958,52,146,117,127,465,95,35,66
5.964,47,121,96,92,461,94,37,73
5.986,50,124,106,109,452,79,42,75
6.009,53,124,110,112,467,76,48,89
6.026,56,130,107,121,416,67,50,104
6.048,50,116,101,117,410,59,52,110
6.078,48,93,84,110,399,53,50,108
6.092,46,88,74,90,432,56,56,129
6.114,41,86,66,92,477,50,51,120
6.138,33,67,53,79,481,56,49,106
6.184,39,97,65,80,540,64,54,115
6.186,37,103,66,78,542,64,56,115
6.205,35,97,60,77,532,65,47,94
6.207,36,96,59,68,477,64,46,97
6.228,34,97,58,57,472,66,44,97
6.249,33,65,55,66,420,77,59,86
6.272,38,91,57,70,369,79,60,82
6.295,41,96,55,70,377,150,61,59
6.317,42,98,55,66,355,182,64,54
6.332,41,100,57,64,304,228,70,53
6.346,37,100,46,55,307,244,54,55
6.369,37,83,49,58,354,266,59,77
6.384,37,102,50,65,374,266,59,78
6.406,39,107,49,63,416,249,58,78
6.429,39,105,47,68,415,211,55,82
6.444,51,118,58,81,372,220,55,79
6.466,54,133,63,85,331,199,53,75
6.497,57,129,76,90,288,175,60,76
6.504,62,138,87,106,327,177,63,80
6.534,66,146,89,107,345,194,67,78
6.566,67,158,87,100,377,199,71,76
6.588,68,171,94,96,391,195,75,64
6.609,68,168,100,99,378,176,71,63
6.616,66,165,100,93,351,174,70,87
6.631,64,162,105,93,389,191,68,87
6.654,60,152,110,104,368,165,62,81
6.671,54,117,99,108,356,165,52,76
6.7,52,107,96,106,363,169,48,82
6.706,47,102,89,100,382,162,42,58
6.729,50,98,87,120,332,112,38,54
6.744,47,100,89,119,319,185,39,77
6.766,66,143,140,149,355,194,42,83
6.789,65,160,143,148,341,195,42,75
6.804,65,157,145,152,279,208,47,75
6.828,62,154,142,146,339,217,47,75
6.851,64,141,136,140,346,146,45,50
6.871,48,111,104,121,324,130,46,42
6.894,59,114,112,146,349,131,54,48
6.909,67,133,131,161,385,113,58,77
6.931,67,137,131,152,328,99,54,80
6.946,62,136,128,150,376,93,53,81
6.969,66,137,131,164,374,101,55,82
6.991,58,125,121,148,357,88,43,78
7.014,50,110,100,135,380,93,34,48
7.037,52,110,104,142,398,85,37,63
7.06,52,110,108,147,350,83,39,62
7.066,43,102,89,130,368,78,33,58
7.089,43,90,84,127,399,91,39,63
7.112,41,81,75,116,326,81,40,63
7.126,39,76,70,102,297,81,37,43
7.148,40,90,89,113,373,93,43,43
7.186,43,94,93,114,353,95,47,43
7.195,45,105,91,116,313,84,51,85
7.209,45,106,91,116,350,84,52,85
7.232,46,108,92,119,377,89,55,86
7.246,46,98,66,100,300,74,50,91
7.277,42,87,50,79,308,62,45,103
7.3,36,67,41,67,387,64,41,107
7.323,36,66,45,66,350,63,43,120
7.338,34,67,41,64,365,53,42,121
7.361,31,59,40,61,407,53,43,126
7.382,32,62,40,59,425,61,45,117
7.389,31,58,47,68,365,99,41,91
7.412,41,74,44,76,380,106,47,102
7.426,44,81,45,74,352,112,47,107
7.449,46,82,53,78,327,156,56,100
7.473,45,79,51,76,279,156,54,100
7.487,52,83,48,60,287,139,55,96
7.509,47,79,54,56,269,208,52,78
7.532,42,75,60,59,297,244,52,74
7.546,45,90,60,62,290,225,48,79
7.569,50,97,62,68,295,224,48,88
7.592,45,104,62,76,297,223,45,85
7.606,48,126,69,91,341,224,40,81
7.629,52,129,72,99,311,219,50,93
7.651,49,128,74,105,294,219,45,94
7.674,45,127,79,110,295,222,48,94
7.708,42,132,78,111,291,221,61,96
7.728,46,135,83,111,262,161,63,93
7.751,48,138,80,102,245,110,61,100
7.766,49,136,75,96,242,157,69,97
7.786,53,143,77,92,309,164,70,93
7.794,55,158,100,100,287,166,59,93
7.817,67,140,90,85,261,160,57,90
7.833,89,134,101,100,287,157,51,73
7.854,95,145,119,115,317,104,41,74
7.877,94,141,115,112,265,101,35,73
7.9,94,113,97,104,257,104,35,76
7.914,82,110,99,103,327,121,39,90
7.929,59,122,107,107,322,121,44,85
7.96,60,126,105,110,334,121,48,81
7.982,63,126,110,117,329,110,51,77
7.989,62,133,115,121,340,105,51,71
8.011,69,147,124,144,296,86,51,75
8.049,68,138,110,151,356,82,46,71
8.064,66,135,99,138,322,79,45,67
8.086,67,132,98,136,327,73,43,66
8.101,69,137,97,138,371,78,46,68
8.118,62,122,88,128,372,115,48,38
8.146,63,134,85,110,323,122,51,71
8.153,58,121,88,114,343,127,50,79
8.171,50,117,79,111,358,129,48,78
8.192,49,100,79,123,349,125,47,76
8.222,50,103,76,116,388,130,46,76
8.229,43,81,72,111,395,125,42,43
8.251,40,75,58,100,369,125,36,27
8.274,43,77,65,97,400,122,37,29
8.289,41,79,59,71,368,168,35,89
8.311,36,67,52,72,347,146,31,91
8.335,37,73,55,69,419,147,37,98
8.349,35,68,58,76,464,144,40,99
8.372,35,87,60,82,423,143,44,103
8.395,33,82,57,81,457,85,43,63
8.409,36,93,56,72,440,66,42,81
8.434,34,99,54,72,380,59,36,77
8.456,36,105,51,66,330,69,36,80
8.495,35,93,42,55,345,83,40,81
8.514,43,103,41,52,346,80,42,88
8.547,45,112,47,52,343,89,48,100
8.549,48,117,60,73,303,105,49,106
8.56,48,116,66,78,326,95,50,107
8.574,47,111,63,79,428,86,41,108
8.588,41,107,64,80,416,113,43,101
8.611,40,98,61,79,452,180,49,128
8.634,44,90,47,62,458,178,50,125
8.648,43,84,38,56,480,183,49,123
8.672,43,85,43,53,416,236,53,125
8.695,49,97,49,55,400,234,54,133
8.709,51,120,72,74,385,228,56,93
8.732,53,123,76,77,386,230,60,92
8.755,54,124,77,76,336,232,60,99
8.769,53,126,77,76,300,211,67,92
8.792,49,122,73,75,297,213,69,82
8.815,49,95,49,58,269,195,64,96
8.837,40,79,45,54,287,194,59,99
8.851,49,98,50,64,279,191,63,98
8.896,54,112,52,70,264,229,63,101
8.92,54,104,55,89,272,233,64,99
8.927,51,110,66,87,265,220,67,89
8.943,60,134,99,113,290,233,74,93
8.972,62,146,105,117,312,260,73,86
8.986,60,139,107,118,302,210,68,96
9.01,61,141,110,110,303,198,62,103
9.016,61,143,106,115,380,191,73,123
9.032,56,133,76,92,344,209,70,117
9.055,49,109,66,82,323,184,70,129
9.084,48,109,64,79,355,182,68,120
9.091,48,114,73,88,364,181,71,115
9.114,55,107,77,94,295,180,55,80
9.137,54,95,87,98,294,130,50,73
9.151,59,103,97,111,298,109,51,59
9.174,59,99,100,119,306,89,56,77
9.196,60,99,95,113,290,85,53,75
9.212,56,117,101,122,293,75,51,78
9.234,64,145,126,140,294,72,54,78
9.257,63,151,139,153,310,86,58,73
9.279,62,153,142,155,277,86,53,51
9.301,60,152,141,168,302,88,55,76
9.317,64,142,141,164,291,97,63,80
9.339,63,127,123,159,351,102,65,86
9.355,68,144,116,157,384,93,61,87
9.376,68,138,112,150,498,92,60,86
9.43,69,152,111,134,479,82,57,65
9.445,66,154,106,131,477,74,49,66
9.447,65,143,102,122,445,73,45,108
9.468,59,140,109,127,422,74,38,111
9.489,62,149,110,135,297,70,49,119
9.512,60,128,105,131,301,75,51,118
9.519,64,126,102,127,363,70,50,117
9.543,58,143,98,120,350,62,46,83
9.566,58,153,77,103,338,63,54,84
9.587,67,176,119,148,333,68,54,77
9.596,70,179,122,152,325,61,57,85
9.617,64,172,119,152,326,69,58,93
9.638,63,156,117,152,357,78,61,113
9.678,62,119,107,140,370,72,55,108
9.708,56,72,51,76,405,72,45,111
9.71,51,65,44,65,400,71,42,111
9.792,48,68,46,59,359,63,47,111
9.794,51,77,44,55,340,51,47,92
9.814,49,71,43,59,332,65,50,94
9.817,45,94,51,74,343,68,49,104
9.835,46,96,53,83,371,71,46,94
9.838,46,93,56,93,385,76,45,95
9.859,43,100,59,95,389,125,48,117
9.903,52,100,57,90,438,167,61,120
9.905,57,105,60,96,435,175,60,118
9.926,58,115,68,97,408,181,61,123
9.947,62,120,72,95,413,182,63,134
9.97,64,117,74,93,409,173,63,117
9.992,61,105,77,93,354,154,52,103
10.007,57,116,85,83,341,168,52,99
10.031,56,106,81,75,329,168,52,89
10.053,49,100,78,74,369,168,48,70
10.074,66,127,77,76,406,185,53,90
10.1,61,137,78,78,410,168,53,90
10.104,68,127,80,85,399,145,53,96
10.128,69,126,76,87,421,142,50,101
10.152,71,144,82,89,351,141,52,94
10.172,63,122,84,87,298,78,43,76
10.181,66,120,81,84,287,74,40,92
10.202,58,115,74,73,304,75,44,91
10.241,66,125,83,72,259,68,46,97
10.249,65,124,80,60,296,62,42,96
10.261,57,122,79,65,277,55,44,115
10.278,53,122,77,72,317,60,52,115
10.299,57,148,79,81,311,55,54,114
10.314,47,143,76,88,350,62,53,105
10.337,86,128,81,102,372,75,55,110
10.359,94,133,86,120,403,79,60,87
10.374,99,171,92,132,370,80,58,64
10.397,99,156,92,131,384,85,53,57
10.419,99,153,92,129,358,85,53,79
10.434,71,156,93,127,337,81,58,75
10.458,60,161,94,117,335,81,51,73
10.479,56,131,105,131,305,75,48,82
10.494,51,135,114,154,279,73,50,82
10.517,49,133,113,154,288,69,52,58
10.539,42,124,105,150,319,72,45,55
10.556,40,113,101,146,327,89,50,74
10.578,49,117,106,134,378,91,54,68
10.601,54,103,96,120,406,89,52,71
10.622,54,101,93,116,411,94,56,79
10.637,59,104,94,117,434,86,57,83
10.658,59,102,89,115,430,65,50,61
10.674,48,58,56,97,407,62,46,83
10.698,43,63,39,75,414,71,47,80
10.721,43,81,42,80,406,69,43,85
10.742,37,77,38,72,333,71,41,83
10.757,38,77,40,67,312,71,47,89
10.795,50,88,52,75,290,74,46,78
10.857,53,106,58,78,297,65,45,78
10.859,53,108,61,78,310,60,41,71
10.87,55,107,60,78,380,68,45,83
10.895,54,107,63,79,422,66,42,85
10.898,43,97,52,65,451,62,40,84
10.9,42,87,48,59,413,62,42,85
10.922,40,74,44,53,482,68,45,95
10.938,44,86,55,77,474,70,48,94
10.967,47,100,52,75,464,71,49,110
10.99,48,113,55,77,448,71,48,110
10.997,47,101,54,78,467,71,46,122
11.019,48,108,52,81,410,73,45,111
11.042,46,115,47,61,371,64,39,104
11.058,55,126,64,77,339,66,37,99
11.079,81,144,77,87,332,68,40,118
11.104,93,179,104,109,323,71,48,108
11.146,95,178,111,115,320,75,51,110
11.173,94,172,109,115,294,80,49,108
11.194,90,164,101,113,331,84,51,104
11.215,72,172,100,106,311,84,49,88
11.238,93,145,84,102,349,83,51,105
11.267,93,147,82,106,317,81,53,116
11.291,98,151,88,117,392,81,56,120
11.327,97,149,99,113,357,72,53,111
11.351,94,113,90,114,390,71,56,117
11.381,59,105,80,108,335,66,47,110
11.402,58,105,76,106,385,63,45,96
11.426,75,95,69,99,333,60,40,94
11.448,84,99,71,106,338,69,40,101
11.477,87,115,79,115,317,69,35,86
11.507,92,119,106,128,352,71,36,97
11.531,91,116,109,118,314,72,32,97
11.567,76,148,113,114,291,69,35,96
11.583,65,143,104,103,300,63,38,88
11.604,59,129,103,98,359,77,37,87
11.619,53,122,81,84,376,84,38,58
11.643,52,120,75,88,367,79,39,56
11.664,49,85,70,94,364,80,43,57
11.674,50,92,104,116,384,79,44,74
11.694,53,99,108,116,347,67,47,71
11.711,48,110,103,107,323,61,45,70
11.724,49,111,104,108,392,67,45,70
11.747,44,106,105,108,430,70,45,73
11.763,50,132,103,118,418,70,43,57
11.787,54,138,100,114,453,76,46,112
11.788,57,133,99,120,450,71,48,115
11.793,60,143,114,136,398,68,49,117
11.808,60,145,112,134,440,62,45,120
11.809,54,118,85,108,467,74,48,119
11.814,49,101,77,108,436,81,46,84
11.822,44,102,78,101,456,92,48,100
11.83,36,81,50,74,478,93,47,105
11.845,42,96,56,70,449,96,49,102
11.921,40,93,58,82,415,86,47,105
11.923,40,95,58,79,396,71,44,95
11.944,40,92,56,76,381,78,41,88
11.947,44,98,57,74,348,92,43,82
11.958,39,77,51,72,304,93,43,99
11.966,35,71,42,60,305,95,42,98
11.979,40,103,57,73,331,98,45,100
12.002,47,139,73,88,365,124,56,103
12.024,49,136,75,93,444,135,60,106
12.039,50,137,77,94,442,133,60,101
12.062,58,145,76,95,496,138,60,98
12.085,63,133,65,86,493,144,66,117
12.099,59,91,46,68,492,139,63,115
12.122,58,91,41,73,422,146,58,117
12.145,63,106,46,76,432,150,59,119
12.159,57,104,56,79,356,148,60,123
12.19,110,103,70,79,330,146,52,110
12.212,115,129,78,81,301,184,54,101
12.219,116,129,78,70,311,173,56,110
12.256,113,117,82,71,312,176,52,98
12.279,115,112,80,81,365,178,52,101
12.302,74,148,82,106,364,190,55,106
12.317,78,127,77,108,378,129,47,109
12.332,98,131,83,110,382,114,46,111
12.354,116,146,82,109,365,113,53,109
12.371,122,168,99,120,321,125,63,112
12.392,116,134,98,108,341,104,61,112
12.399,117,139,97,109,289,103,58,126
12.422,108,147,98,117,255,103,57,118
12.444,101,150,99,123,249,98,52,120
12.461,97,129,97,110,234,73,42,114
12.484,98,133,90,103,194,65,39,112
12.506,93,138,92,99,186,63,43,91
12.527,85,156,103,98,221,61,47,108
12.542,76,149,117,104,256,62,46,106
12.564,69,145,103,94,246,63,42,102
12.579,72,191,118,94,335,76,46,106
12.604,67,193,119,93,334,75,42,110
12.624,68,174,114,95,316,77,36,85
12.647,65,180,109,116,294,65,37,86
12.684,65,186,112,127,340,70,38,86
12.701,59,138,99,132,300,61,38,72
12.729,56,125,98,134,359,71,40,79
12.775,52,117,87,128,366,79,44,99
12.782,53,117,94,130,382,85,46,97
12.806,52,145,104,143,431,89,49,98
12.842,59,150,101,142,422,87,52,99
12.874,59,148,99,139,375,81,52,86
12.894,58,151,101,138,437,75,52,82
12.92,51,133,76,108,429,71,50,81
12.924,50,94,54,84,383,65,48,89
12.932,38,79,49,76,401,76,49,96
12.94,42,83,53,85,413,78,52,100
12.941,42,77,46,83,367,82,53,93
12.955,42,82,44,80,371,82,57,111
12.97,42,84,44,72,340,79,56,109
12.992,42,86,43,71,338,79,51,119
13.031,38,81,41,64,347,76,50,116
13.033,42,85,49,67,345,75,50,117
13.054,57,145,53,68,336,77,47,107
13.068,56,151,56,65,389,105,45,105
13.081,55,148,56,70,354,105,47,92
13.105,61,151,58,68,347,158,49,95
13.127,59,154,50,63,330,162,51,105
13.141,47,99,48,63,370,163,54,100
13.164,50,90,48,62,380,150,54,107
13.187,51,89,54,60,434,145,55,111
13.202,49,92,52,60,431,95,52,110
13.225,93,93,59,62,419,142,66,104
13.255,102,94,61,66,404,171,76,104
13.261,113,104,70,84,352,173,78,95
13.285,113,107,69,83,292,177,75,81
13.307,113,103,68,82,308,173,75,84
13.322,83,112,63,82,344,135,62,102
13.369,73,121,64,79,364,99,49,109
13.39,59,115,64,70,434,125,54,107
13.397,62,122,69,69,426,126,57,106
13.419,75,121,70,70,403,124,59,107
13.434,96,122,73,74,381,119,57,104
13.457,99,118,72,78,342,119,58,108
13.472,97,112,86,79,244,89,57,110
13.487,94,121,84,87,318,83,55,110
13.503,82,127,87,97,344,80,52,105
13.526,82,123,87,90,353,80,50,103
13.557,102,119,86,90,371,68,49,94
13.577,102,119,73,88,404,58,39,103
13.591,104,100,76,96,352,54,41,105
13.614,104,98,74,93,365,55,46,109
13.628,87,108,89,100,353,60,48,85
13.644,60,108,102,104,335,61,48,96
13.666,70,124,123,122,311,76,52,83
13.689,73,148,154,146,428,76,53,84
13.706,81,151,169,166,403,79,51,76
13.735,76,145,167,167,398,77,48,74
13.749,74,151,161,163,411,78,44,46
13.772,64,150,163,173,415,62,45,43
13.787,64,139,152,190,314,63,47,81
13.809,59,154,164,211,352,68,51,85
13.84,61,150,162,210,358,63,52,85
13.847,68,151,177,230,342,65,55,95
13.877,71,159,186,230,347,68,51,101
13.909,68,174,186,213,362,66,44,72
13.93,73,170,179,198,347,65,49,113
13.937,72,163,180,200,362,69,50,115
13.959,63,155,169,180,367,77,47,108
13.982,57,166,137,158,341,84,51,105
13.991,53,167,122,139,310,91,59,122
14.006,45,162,101,101,279,93,58,95
14.028,52,174,111,104,320,95,57,97
14.05,53,178,106,108,346,88,56,96
14.064,56,159,110,116,347,79,53,95
14.088,53,128,99,108,462,75,45,74
14.125,54,116,92,132,546,80,44,81
14.18,47,115,74,130,544,74,49,97
14.182,61,165,110,145,545,73,54,101
14.201,63,166,107,140,562,79,53,100
14.203,64,168,107,141,496,73,54,101
14.223,59,168,109,129,513,76,54,93
14.246,63,167,113,126,470,84,52,75
14.254,51,114,73,97,449,90,52,94
14.275,44,94,65,91,472,97,54,101
14.291,43,101,66,88,475,169,57,106
14.32,43,104,71,74,356,174,52,109
14.335,38,88,70,79,405,179,52,106
14.357,46,89,82,87,414,187,53,86
14.366,51,88,84,86,372,187,52,114
14.388,52,85,83,85,378,129,47,107
14.409,55,89,87,116,396,167,49,112
14.449,67,112,99,121,353,199,64,130
14.469,69,113,97,126,389,219,74,133
14.493,66,111,97,125,405,223,79,110
14.499,66,113,103,129,357,230,83,112
14.524,67,135,95,98,372,205,83,96
14.547,57,117,80,90,395,169,73,109
14.568,49,119,76,88,443,153,64,112
14.591,54,140,88,95,495,144,59,112
14.593,57,142,88,92,491,132,53,110
14.638,57,128,100,93,473,127,50,108
14.64,54,130,101,91,460,124,46,67
14.657,51,130,105,91,376,91,40,114
14.681,43,114,104,94,258,93,41,116
14.689,39,114,102,103,280,97,40,117
14.709,37,107,96,104,266,85,42,120
14.732,49,118,104,108,281,85,47,126
14.749,61,126,111,126,388,85,48,83
14.769,65,124,120,134,395,83,54,96
14.792,67,121,122,130,378,75,55,97
14.809,72,142,138,147,400,81,58,93
14.829,66,143,134,143,436,85,54,86
14.852,60,132,124,120,346,83,52,84
14.869,57,157,113,109,350,82,47,52
14.889,61,169,111,124,389,85,48,76
14.919,54,146,88,104,416,84,44,77
14.929,55,133,85,121,366,81,43,80
14.949,51,133,82,132,365,85,45,95
14.972,53,106,86,139,420,81,40,97
14.989,52,101,87,136,383,76,39,85
15.009,55,108,85,148,435,77,40,96
15.032,53,106,80,136,451,81,44,97
15.048,51,107,83,128,440,78,44,82
15.069,51,112,83,146,392,79,46,86
15.094,46,101,73,134,394,80,48,80
15.117,46,109,77,126,350,68,46,78
15.137,47,114,85,153,389,89,53,89
15.168,57,118,93,161,396,93,53,87
15.17,53,107,82,137,387,93,51,87
15.199,53,101,84,142,414,101,54,94
15.221,56,88,74,136,455,105,56,95
15.246,53,96,63,108,410,83,46,86
15.265,45,90,46,94,484,84,43,90
15.289,47,104,50,84,518,85,46,96
15.311,46,102,50,77,524,115,52,94
15.319,51,102,56,90,466,126,62,105
15.334,55,103,63,85,475,131,64,103
15.356,55,103,64,78,435,137,69,101
15.377,56,93,69,90,437,150,69,104
15.401,64,103,66,85,419,184,63,112
15.424,58,103,84,106,400,197,54,100
15.446,57,103,87,116,457,201,55,99
15.467,61,114,89,120,423,196,54,101
15.49,60,125,84,114,368,187,50,93
15.499,52,128,88,124,356,133,48,92
15.514,57,132,78,108,399,116,55,109
15.536,64,168,109,113,312,106,57,110
15.557,63,168,112,115,317,121,54,114
15.579,65,167,117,118,327,128,58,111
15.603,69,171,123,113,337,124,57,100
15.609,66,171,123,100,276,111,48,75
15.632,60,137,91,78,264,109,45,78
15.655,60,127,89,87,253,100,47,68
15.67,64,124,95,104,262,90,50,74
15.694,64,142,110,126,316,94,53,82
15.716,71,183,123,147,312,98,56,82
15.737,68,182,127,155,307,96,50,73
15.753,64,180,122,147,410,84,46,92
15.783,61,176,116,133,410,84,48,97
15.789,60,175,104,127,375,74,48,93
15.812,64,127,106,126,399,68,49,95
15.843,66,123,106,120,410,70,51,99
15.849,68,124,109,121,313,69,56,87
15.872,72,131,118,140,344,68,53,89
15.896,74,120,122,157,404,76,53,87
15.917,69,139,115,152,463,76,53,89
15.939,68,136,110,152,472,79,52,84
15.954,67,136,119,164,475,83,52,76
15.969,61,126,124,169,485,93,47,77
15.992,58,120,129,168,432,86,49,78
16.014,53,143,129,161,407,92,50,73
16.029,51,144,129,158,471,90,49,79
16.052,50,143,120,147,478,87,49,85
16.074,47,142,103,120,456,78,51,72
16.089,44,129,86,86,513,76,50,71
16.114,32,88,68,83,493,64,50,80
16.134,33,89,70,94,478,75,53,78
16.159,37,93,66,89,558,94,53,88
16.179,39,95,64,94,558,97,63,120
16.194,45,99,47,81,523,99,59,122
16.211,52,113,54,83,509,100,59,121
16.241,53,111,54,78,538,162,62,120
16.264,52,109,55,78,448,202,71,152
16.285,53,111,53,81,479,207,62,141
16.308,47,113,53,85,457,213,68,141
16.338,68,135,58,76,453,216,68,145
16.341,67,150,62,73,361,186,68,180
16.354,72,171,64,76,338,175,61,152
16.376,74,171,67,72,336,188,66,138
16.413,80,179,88,90,349,193,73,144
16.416,61,156,84,90,345,198,79,136
16.442,63,147,84,90,323,195,85,115
16.488,59,141,91,104,334,162,85,171
16.49,75,155,95,110,252,143,82,174
16.509,87,166,91,99,225,122,72,169
16.532,100,174,95,117,329,238,73,173
16.579,103,172,99,122,343,258,61,155
16.582,102,186,94,112,372,265,58,82
16.584,102,187,92,106,388,265,58,79
16.601,105,169,82,106,416,269,69,103
16.633,106,185,117,119,350,178,68,109
16.645,105,187,118,116,384,130,68,124
16.667,109,168,117,114,364,160,70,122
16.69,99,154,116,108,402,161,72,125
16.697,83,163,122,107,409,158,63,115
16.714,68,147,107,103,416,148,57,114
16.736,65,153,109,126,452,150,57,97
16.757,59,147,111,132,454,99,55,100
16.779,55,155,108,135,416,91,52,98
16.794,60,165,119,144,383,86,50,86
16.817,53,141,109,127,379,85,49,67
16.832,60,174,109,112,321,88,54,98
16.854,60,178,110,121,291,82,54,123
16.877,63,181,120,124,317,86,52,122
16.892,59,163,107,128,339,83,50,124
16.929,75,183,152,188,344,86,53,126
16.952,75,153,163,195,324,82,47,111
16.967,75,147,162,186,327,88,45,85
16.982,73,132,159,188,316,82,49,82
17.006,73,135,163,183,315,88,51,78
17.027,71,136,137,151,309,84,48,76
17.036,67,130,126,143,353,91,51,98
17.057,68,134,126,146,406,91,53,107
17.072,68,135,125,142,411,92,50,115
17.094,68,136,119,138,437,88,51,114
17.125,52,108,85,121,473,111,51,113
17.132,51,101,77,110,444,107,48,84
17.154,51,95,74,108,485,104,44,85
17.176,48,90,70,105,468,109,44,81
17.192,48,94,60,99,502,112,43,100
17.223,46,96,61,73,455,133,44,105
17.245,48,95,50,68,526,135,42,112
17.267,51,97,48,75,497,142,41,104
17.29,56,134,52,74,514,141,40,106
17.33,52,121,50,75,478,165,45,97
17.332,53,118,52,85,507,132,48,96
17.35,50,114,54,89,450,165,58,89
17.357,42,127,54,83,410,168,63,91
17.38,38,99,60,90,414,184,65,85
17.395,38,96,60,89,383,170,61,83
17.417,41,104,57,82,358,170,62,95
17.44,47,115,58,81,362,136,55,96
17.454,49,95,59,78,359,153,61,99
17.477,49,90,54,69,369,179,69,99
17.5,82,97,55,68,367,177,72,130
17.514,84,101,57,69,368,178,66,122
17.537,84,91,64,73,380,213,76,146
17.56,89,116,63,72,438,204,77,146
17.575,139,118,63,70,415,191,70,146
17.597,128,116,67,77,439,196,70,116
17.62,128,116,68,76,478,215,81,154
17.665,132,126,89,89,482,194,83,141
17.672,142,126,96,94,420,189,76,136
17.694,112,119,93,97,424,171,74,136
17.709,107,124,90,92,397,184,73,138
17.733,106,121,95,91,325,168,68,108
17.739,103,141,89,95,248,162,54,95
17.762,130,150,97,96,274,159,57,95
17.779,117,156,104,96,289,150,58,94
17.801,120,152,105,96,269,130,58,87
17.822,124,156,105,105,315,127,54,70
17.844,121,158,109,93,372,115,58,80
17.868,112,149,111,90,373,110,55,86
17.874,115,163,112,97,345,102,58,95
17.897,112,162,111,105,422,90,55,98
17.92,106,154,107,100,382,75,53,99
17.934,111,125,99,114,330,71,52,90
17.957,103,110,84,113,352,82,50,97
17.979,100,76,74,105,374,84,43,93
17.994,104,86,74,96,290,93,46,89
18.024,105,99,82,95,312,88,43,87
18.048,97,118,76,87,342,90,46,93
18.054,66,117,73,82,295,79,44,76
18.077,94,141,82,102,350,72,49,92
18.099,92,139,86,116,385,60,46,92
18.116,93,136,77,113,375,58,46,95
18.137,97,122,78,104,345,63,38,100
18.16,100,124,79,111,414,64,41,108
18.174,70,111,79,102,393,71,45,107
18.197,68,116,94,100,387,73,48,109
18.228,62,108,94,104,402,88,52,105
18.234,54,100,86,99,436,84,52,95
18.257,47,110,90,95,405,81,50,89
18.28,47,99,86,95,427,80,44,72
18.294,43,105,75,85,411,80,42,82
18.317,44,106,72,81,443,67,39,88
18.34,46,120,70,85,442,66,43,100
18.363,37,104,74,109,415,67,43,95
18.377,39,141,71,103,409,76,43,94
18.402,39,131,58,101,499,76,50,98
18.438,39,129,57,100,464,78,53,112
18.441,38,116,59,96,484,83,57,104
18.462,40,121,46,67,521,85,60,103
18.483,42,82,48,71,504,129,63,101
18.505,40,76,50,67,447,135,60,100
18.528,43,83,55,70,447,162,56,86
18.55,48,98,57,76,412,164,53,89
18.557,61,97,64,76,441,164,52,94
18.579,83,99,68,75,419,168,57,103
18.602,90,109,65,78,430,164,59,111
18.618,91,122,66,75,430,140,62,106
18.64,94,129,67,67,450,136,64,102
18.662,89,130,61,60,397,137,72,106
18.685,143,135,56,60,385,93,71,100
18.708,147,129,64,59,386,89,66,85
18.73,151,123,69,59,377,82,65,84
18.737,149,108,68,83,381,133,72,90
18.775,149,147,75,90,367,136,65,85
18.797,112,144,80,95,371,129,58,99
18.812,116,145,76,98,307,130,62,110
18.829,117,145,76,113,415,151,62,111
18.873,118,144,71,97,384,107,49,109
18.876,132,101,68,94,408,100,51,106
18.895,121,125,79,96,425,99,51,111
18.918,114,129,91,97,433,95,48,99
18.921,112,124,85,82,542,72,45,98
18.941,111,134,91,87,552,77,42,92
18.964,105,145,90,89,530,78,40,92
18.984,100,122,74,77,522,77,39,80
19.002,100,121,77,73,559,76,50,128
19.024,97,132,90,86,379,72,54,128
19.037,95,128,97,86,438,75,55,131
19.061,86,127,94,84,454,75,50,128
19.082,98,121,99,91,455,80,52,119
19.097,99,157,112,109,402,84,45,96
19.127,97,153,111,119,447,82,43,97
19.141,101,150,107,128,388,79,45,97
19.158,104,163,119,144,399,80,45,97
19.179,105,163,115,142,394,72,42,107
19.204,102,122,89,125,439,71,37,74
19.225,100,123,87,115,417,66,34,80
19.247,102,175,94,107,425,66,32,89
19.27,95,169,83,85,394,65,36,91
19.284,62,168,83,92,406,76,40,80
19.299,60,179,96,112,358,77,44,80
19.324,59,175,91,111,376,79,47,69
19.345,50,123,77,114,450,76,49,108
19.359,47,102,74,114,461,106,49,113
19.382,44,99,71,108,552,133,47,129
19.405,37,80,54,93,553,144,49,128
19.422,38,73,59,87,521,150,49,129
19.442,34,83,56,76,435,150,46,93
19.465,38,96,60,74,436,129,45,104
19.487,46,100,62,78,391,97,44,90
19.51,50,107,69,82,426,78,48,96
19.534,51,112,61,81,450,76,56,98
19.555,53,103,65,102,494,139,61,93
19.562,52,99,61,112,498,148,71,86
19.586,48,126,61,113,448,152,72,80
19.615,51,122,50,117,439,154,70,82
19.637,52,132,52,113,435,152,67,83
19.684,53,158,55,101,403,103,76,82
19.686,58,167,56,96,383,162,79,91
19.707,56,149,59,98,471,182,79,98
19.709,59,154,66,96,485,194,78,92
19.728,89,149,78,103,450,196,78,96
19.75,91,128,87,113,452,203,72,113
19.773,98,118,94,109,479,156,66,126
19.819,102,138,92,104,374,130,62,120
19.822,184,152,90,105,365,153,82,128
19.841,181,148,93,119,428,176,94,128
19.864,185,152,86,112,412,173,96,120
19.885,182,147,80,108,376,179,96,135
19.892,202,127,82,109,411,176,99,138
19.909,132,120,90,108,381,144,86,130
19.932,117,135,81,97,486,119,70,128
19.952,110,121,76,85,475,119,59,120
19.975,143,118,78,93,483,115,65,97
19.984,142,123,91,115,475,117,65,96
20.005,144,119,99,120,489,111,60,95
20.044,144,109,99,114,346,99,58,91
20.046,144,111,103,114,378,84,60,95
20.064,131,130,101,108,385,81,45,69
20.087,112,124,97,90,383,77,40,85
20.104,108,115,80,82,374,80,46,98
20.132,108,104,72,83,347,77,46,97
20.147,107,103,72,104,414,85,44,93
20.164,76,88,76,106,418,79,42,85
20.184,97,101,71,106,408,87,44,104
20.215,98,95,81,116,444,87,43,104
20.224,101,102,94,135,473,97,48,105
20.245,103,104,99,133,415,98,49,106
20.266,107,113,96,134,427,91,49,105
20.284,71,111,89,130,405,86,47,72
20.304,65,107,81,118,413,85,42,54
20.335,59,101,66,92,429,79,42,94
20.344,54,122,60,88,438,70,44,94
20.365,52,108,72,90,430,70,49,96
20.387,51,107,87,110,517,77,50,94
20.404,51,106,85,109,475,81,55,106
20.425,53,107,87,111,457,92,61,96
20.447,55,90,82,102,430,101,62,94
20.471,49,88,70,98,457,100,58,92
20.484,45,71,54,80,392,99,58,92
20.507,43,74,54,76,381,93,59,81
20.524,43,88,57,76,407,79,50,66
20.554,41,79,60,93,424,66,51,92
20.574,43,95,62,100,402,75,55,110
20.6,48,143,62,98,382,71,54,112
20.62,60,150,64,114,405,83,54,112
20.651,60,145,69,119,396,89,57,106
20.653,62,151,64,104,396,93,62,174
20.672,66,163,99,138,468,107,74,183
20.703,71,150,112,149,454,117,78,189
20.705,68,146,112,150,466,116,79,197
20.726,70,148,113,159,439,119,87,201
20.749,70,146,113,162,488,137,81,135
20.772,104,138,87,135,430,132,71,111
20.794,103,128,70,127,436,133,76,105
20.816,106,133,70,126,440,153,74,104
20.848,150,134,61,120,431,168,68,106
20.851,156,141,73,126,349,155,68,106
20.882,159,124,72,124,296,175,75,106
20.905,160,114,78,125,305,180,74,100
20.92,162,123,90,130,347,211,77,91
20.935,173,144,91,122,357,216,77,99
20.957,171,131,80,111,378,223,79,111
20.974,156,132,77,110,390,213,76,115
20.99,157,141,85,108,496,220,69,113
21.026,154,138,88,98,468,192,68,108
21.028,108,131,90,97,475,175,72,96
21.047,123,143,92,99,476,159,69,102
21.07,109,168,98,108,491,146,63,95
21.086,107,163,109,106,376,115,62,95
21.109,103,151,114,125,391,75,59,93
21.13,87,149,127,126,394,66,50,87
21.144,80,170,136,125,377,73,50,94
21.167,86,158,147,115,382,82,50,108
21.19,85,158,160,122,374,83,52,115
21.204,83,163,148,95,310,91,51,116
21.227,84,159,135,91,292,85,44,120
21.25,65,128,128,99,333,81,43,92
21.265,60,137,123,113,329,89,43,88
21.287,96,152,83,107,373,91,45,80
21.31,99,159,103,113,465,87,54,92
21.324,101,151,101,118,487,87,58,86
21.357,100,149,98,112,460,88,61,91
21.37,97,126,88,115,452,146,67,75
21.384,60,95,84,112,428,147,65,94
21.407,58,86,57,104,381,167,55,88
21.43,50,79,61,130,403,178,52,94
21.445,47,77,59,131,498,179,54,95
21.467,46,76,55,120,518,128,45,94
21.498,43,83,73,120,547,125,45,75
21.505,49,96,88,139,556,99,50,86
21.527,51,104,97,126,527,82,51,95
21.558,64,129,131,144,463,81,54,101
21.565,65,134,137,144,433,112,62,102
21.589,71,145,212,209,379,125,66,101
21.61,64,130,230,219,326,127,64,93
21.64,64,129,231,215,312,132,66,84
21.665,52,102,216,204,320,135,65,105
21.685,50,92,213,204,385,118,79,117
21.687,41,63,133,139,400,103,75,132
21.741,39,98,91,106,418,100,75,128
21.743,36,108,78,97,450,90,80,156
21.762,40,111,73,91,448,90,82,143
21.783,40,113,69,85,414,116,76,161
21.789,40,114,60,77,425,142,86,170
21.861,48,124,79,81,398,154,87,171
21.863,64,136,83,84,403,173,82,143
21.883,77,141,87,86,364,177,80,135
21.885,88,149,95,93,328,166,75,130
21.898,92,157,96,91,394,197,74,101
21.918,93,175,96,100,412,211,75,106
21.924,89,166,96,108,383,215,75,109
21.947,113,163,93,104,385,214,75,130
21.97,108,169,90,99,394,212,76,117
22.017,106,170,101,104,328,252,71,119
22.037,104,123,89,91,314,240,69,114
22.061,121,129,100,78,359,227,71,114
22.084,118,150,113,96,427,226,68,100
22.105,118,146,109,95,426,222,58,82
22.112,125,164,109,99,415,119,67,84
22.135,126,182,112,93,427,103,69,96
22.151,106,177,102,98,380,114,68,91
22.172,108,203,101,98,331,142,67,101
22.195,120,221,111,128,322,163,75,106
22.202,125,211,119,137,394,174,60,103
22.217,127,206,126,157,415,178,61,103
22.24,143,198,127,161,421,168,67,108
22.255,127,159,122,160,432,141,73,91
22.271,118,149,114,137,452,112,66,84
22.294,108,143,100,126,401,88,66,87
22.307,112,134,82,98,401,92,62,72
22.331,94,149,78,85,428,86,55,82
22.352,80,143,72,68,430,85,47,97
22.369,73,123,73,74,407,85,45,102
22.405,65,115,70,70,430,85,41,98
22.427,86,114,71,76,409,69,42,98
22.442,86,100,67,76,450,80,43,82
22.458,87,98,70,88,448,77,40,80
22.488,88,88,68,96,468,77,37,78
22.495,88,85,63,97,471,83,50,93
22.509,54,84,65,104,528,151,55,91
22.532,51,92,67,110,510,177,52,94
22.547,56,100,70,105,498,183,59,103
22.57,53,98,64,93,494,186,62,102
22.592,52,97,68,95,474,231,66,87
22.609,50,85,60,84,403,196,65,89
22.629,46,115,65,87,404,178,70,101
22.652,44,120,68,90,440,185,71,90
22.678,49,131,73,97,435,183,71,97
22.76,49,130,71,92,432,119,62,102
22.762,48,131,70,93,438,109,62,112
22.782,44,91,59,82,398,95,57,99
22.785,53,98,48,77,388,65,53,90
22.786,52,102,60,110,404,85,63,103
22.788,50,103,64,115,481,91,59,98
22.812,52,120,64,111,486,93,54,86
22.832,58,135,68,113,465,94,67,96
22.849,110,119,74,120,512,94,72,103
22.872,115,106,60,81,489,85,63,100
22.893,121,121,58,76,418,111,64,103
22.915,124,112,61,80,469,116,68,109
22.945,132,97,58,81,532,124,57,101
22.952,102,104,53,76,467,192,59,103
22.969,99,107,54,78,549,201,61,91
22.99,129,123,59,74,548,188,65,101
23.027,138,133,58,77,510,188,69,134
23.05,131,134,60,108,536,191,73,162
23.065,125,150,92,129,523,140,68,163
23.082,170,180,116,136,469,116,66,163
23.095,172,171,122,151,505,139,80,187
23.119,171,183,143,161,512,145,100,172
23.142,180,245,168,168,425,142,108,159
23.156,184,307,222,243,534,133,112,148
23.18,169,359,360,396,513,155,122,147
23.202,157,359,371,406,469,135,111,109
23.247,150,347,363,403,499,140,93,88
23.249,138,307,352,394,566,134,79,78
23.276,130,248,322,370,519,145,75,78
23.279,110,178,192,260,546,139,65,69
23.298,111,248,179,249,552,147,72,69
23.32,114,266,185,254,515,134,70,69
23.343,115,264,186,265,514,136,70,48
23.35,117,259,183,248,505,133,76,54
23.387,104,238,145,209,515,118,70,55
23.41,87,167,143,200,519,101,64,81
23.425,83,151,136,193,492,103,63,87
23.441,82,148,135,175,419,107,62,89
23.462,71,132,121,146,365,93,47,90
23.478,68,118,99,106,323,100,47,103
23.5,58,135,85,96,321,114,43,89
23.515,57,132,94,97,430,125,44,98
23.53,76,138,102,96,439,118,44,96
23.553,87,139,102,99,466,117,46,97
23.575,87,149,99,107,484,110,43,96
23.589,87,115,97,104,464,100,44,93
23.612,82,98,93,103,395,78,43,90
23.635,65,92,86,99,451,84,42,91
23.649,94,88,82,96,430,75,38,91
23.673,95,61,74,74,394,70,53,98
23.696,96,57,68,70,435,66,54,93
23.709,101,59,64,85,412,61,53,82
23.732,103,92,64,92,325,50,53,83
23.777,73,99,80,97,391,65,58,86
23.787,96,115,124,118,404,79,58,65
23.807,101,149,131,131,378,84,59,77
23.822,99,153,134,121,416,90,60,81
23.844,97,140,137,115,480,93,59,86
23.86,92,147,137,113,415,85,58,81
23.883,99,140,99,88,424,72,44,89
23.944,97,107,88,73,507,72,45,99
23.968,100,116,119,89,506,71,40,99
23.97,99,114,117,100,473,79,43,99
23.999,103,109,113,102,531,77,40,98
24.001,96,100,115,101,512,80,42,95
24.004,93,107,122,107,480,82,38,77
24.017,92,90,94,92,445,81,43,79
24.032,93,89,91,79,416,70,40,75
24.055,92,79,85,72,342,71,38,81
24.077,62,77,81,82,485,75,39,85
24.092,60,66,75,66,424,69,42,93
24.115,55,74,71,66,415,65,38,88
24.137,53,84,74,71,458,77,44,85
24.152,46,92,83,79,465,82,47,80
24.175,54,112,92,79,318,76,50,75
24.198,51,110,89,78,323,73,49,81
24.22,49,114,83,82,404,80,53,79
24.243,48,105,79,87,366,84,52,77
24.265,51,115,72,79,357,77,50,79
24.272,74,107,66,75,349,78,45,85
24.295,79,103,66,73,406,78,41,77
24.317,79,98,72,77,342,71,36,87
24.331,81,101,72,67,346,61,29,93
24.355,80,84,68,70,358,62,28,103
24.377,55,82,66,69,357,58,30,94
24.4,48,94,80,78,301,56,30,85
24.416,50,112,79,74,286,56,33,91
24.439,49,113,86,80,298,48,31,92
24.454,44,117,89,83,276,46,30,87
24.477,40,114,92,84,311,54,36,91
24.499,44,127,103,81,354,57,39,93
24.522,52,129,118,103,371,58,49,98
24.543,51,127,115,98,347,55,49,98
24.557,60,131,125,105,365,61,53,97
24.572,60,135,130,110,381,56,49,97
24.597,69,136,130,123,324,59,50,99
24.617,63,116,116,109,305,57,38,78
24.632,61,116,122,120,353,78,42,76
24.657,52,104,110,115,334,83,42,77
24.677,59,113,112,125,303,86,41,74
24.692,48,106,104,116,366,86,37,71
24.717,46,111,102,116,430,86,38,86
24.781,55,128,107,116,396,67,34,90
24.799,60,135,109,112,391,54,33,101
24.801,53,121,95,100,434,55,41,99
24.805,47,122,90,94,409,57,43,99
24.821,52,130,104,97,362,59,43,97
24.835,45,118,97,85,407,61,46,102
24.858,40,117,99,94,411,71,48,94
24.872,41,118,99,89,395,63,42,94
24.895,43,101,96,93,392,65,43,95
24.918,40,99,83,90,393,69,45,85
24.932,40,99,79,91,344,70,47,98
24.956,45,98,88,91,423,66,40,92
24.978,50,116,106,105,417,74,47,100
25.008,50,113,104,102,438,73,50,101
25.03,47,100,99,98,502,73,51,102
25.053,48,105,101,99,497,72,49,91
25.061,43,95,92,97,448,71,54,88
25.077,43,79,72,82,462,72,52,82
25.098,40,90,70,93,458,73,49,84
25.121,41,89,71,94,377,67,48,91
25.135,37,80,75,100,394,68,48,93
25.157,38,77,68,93,437,67,44,90
25.18,36,71,71,94,416,66,42,88
25.196,41,80,80,86,427,66,44,83
25.225,42,83,83,83,453,71,45,82
25.239,45,82,74,71,460,72,45,69
25.264,44,83,74,81,452,73,43,72
25.277,42,84,73,77,431,74,43,71
25.309,36,65,61,70,396,70,37,72
25.332,36,68,57,73,407,68,38,74
25.352,32,65,56,73,498,70,42,73
25.36,34,74,56,63,468,68,44,73
25.377,36,74,53,65,533,69,43,76
25.397,40,77,60,85,526,73,44,79
25.42,41,87,64,83,503,69,42,66
25.436,39,89,67,84,404,63,35,100
25.457,37,82,68,82,396,63,32,99
25.48,32,80,65,78,437,58,31,101
25.497,37,94,60,73,433,51,33,98
25.517,37,86,52,73,418,50,31,98
25.54,41,81,46,75,506,59,36,84
25.564,43,92,52,74,501,62,39,85
25.587,49,103,62,78,414,58,40,80
25.609,44,89,56,66,445,64,40,86
25.632,45,94,58,66,484,71,42,94
25.638,46,97,70,78,376,65,42,92
25.659,44,94,68,85,433,64,41,89
25.675,40,86,62,85,473,68,38,90
25.696,39,85,64,80,459,61,37,92
25.727,41,82,69,86,469,52,36,84
25.737,42,82,65,79,481,71,44,83
25.757,48,123,76,87,446,77,47,87
25.78,51,125,78,88,372,78,47,84
25.797,51,123,77,96,398,82,47,103
25.825,49,120,75,91,336,83,47,103
25.84,43,120,76,84,309,70,37,88
25.864,45,81,65,94,347,106,46,91
25.887,48,85,70,102,332,108,49,109
25.909,52,87,67,96,307,105,49,86
25.932,51,83,62,95,320,103,46,85
25.937,58,98,70,103,324,103,46,87
25.959,52,93,79,86,312,56,35,89
25.981,48,95,78,79,411,55,33,69
25.996,47,116,92,78,394,56,32,65
